{
  "img_size": 256,
  "mean": [
    0.4290312613174319,
    0.4645510057285428,
    0.4342525651976466
  ],
  "std": [
    0.19837632380203096,
    0.17246858275484248,
    0.21722875936723832
  ],
  "labels": [
    "healthy",
    "scab",
    "rust",
    "black_rot"
  ]
}